{
  "name":"AsyncWebServer",
  "description":"Asynchronous HTTP and WebSocket Server Library for ESP32",
  "keywords":"http,async,websocket,webserver",
  "authors":
  {
    "name": "Hristo Gochkov",
    "maintainer": true
  },
  "repository":
  {
    "type": "git",
    "url": "https://github.com/me-no-dev/ESPAsyncWebServer.git"
  },
  "version": "1.1.0",
  "license": "LGPL-3.0",
  "frameworks": "arduino",
  "platforms": ["espressif32", "espressif32_stage"],
  "dependencies":
  {
    "name": "AsyncTCP"
  }
}
